,Demonetization,GST Launch,IL&FS Crisis,Elections/Slowdown,COVID Crash
2016-04-06,1000000.0,,,,
2016-04-07,999980.2944993053,,,,
2016-04-08,999817.661696123,,,,
2016-04-11,998609.6883462003,,,,
2016-04-12,997910.4468554575,,,,
2016-04-13,996293.7885712597,,,,
2016-04-18,995202.0978889823,,,,
2016-04-20,995940.8821345232,,,,
2016-04-21,997691.2146929917,,,,
2016-04-22,997955.9333151239,,,,
2016-04-25,998285.6173108364,,,,
2016-04-26,997661.6268251823,,,,
2016-04-27,997397.3766089984,,,,
2016-04-28,998756.4892249152,,,,
2016-04-29,999960.7083569794,,,,
2016-05-02,999403.6718598473,,,,
2016-05-03,999884.9045543282,,,,
2016-05-04,1001249.4376223222,,,,
2016-05-05,1001415.4585326957,,,,
2016-05-06,1001065.6098046676,,,,
2016-05-09,1000429.8997015357,,,,
2016-05-10,1000895.9030809134,,,,
2016-05-11,1001325.4713790296,,,,
2016-05-12,1000695.4903045146,,,,
2016-05-13,1002463.8261531566,,,,
2016-05-16,1000935.4217742289,,,,
2016-05-17,1000585.0632226404,,,,
2016-05-18,1001178.3950773578,,,,
2016-05-19,1001792.6896818704,,,,
2016-05-20,1002260.9465662885,,,,
2016-05-23,1002535.0181938729,,,,
2016-05-24,1002191.4249138372,,,,
2016-05-25,999878.479918114,,,,
2016-05-26,999244.1762554299,,,,
2016-05-27,998627.2957550541,,,,
2016-05-30,998608.7245961665,,,,
2016-05-31,998678.7404880698,,,,
2016-06-01,997839.4924543092,,,,
2016-06-02,997477.7158442655,,,,
2016-06-03,997909.428842885,,,,
2016-06-06,997569.3372484351,,,,
2016-06-07,997164.1983571795,,,,
2016-06-08,997144.5367258029,,,,
2016-06-09,997144.9541579698,,,,
2016-06-10,996729.2944688066,,,,
2016-06-13,996813.96995563,,,,
2016-06-14,996909.1460086599,,,,
2016-06-15,996260.4910780474,,,,
2016-06-16,997144.6788412024,,,,
2016-06-17,996608.1858800616,,,,
2016-06-20,995957.2015174127,,,,
2016-06-21,996281.3713746342,,,,
2016-06-22,996227.0451412019,,,,
2016-06-23,995631.6566339369,,,,
2016-06-24,997271.7650125051,,,,
2016-06-27,996115.8061916472,,,,
2016-06-28,995181.3394253633,,,,
2016-06-29,993971.9603220285,,,,
2016-06-30,993452.7276482529,,,,
2016-07-01,991653.9687317344,,,,
2016-07-04,990532.4772344743,,,,
2016-07-05,990610.326698327,,,,
2016-07-07,991264.7740029002,,,,
2016-07-08,991926.7939134473,,,,
2016-07-11,990245.4522546054,,,,
2016-07-12,988674.7265068464,,,,
2016-07-13,988674.5893789575,,,,
2016-07-14,988076.2753611713,,,,
2016-07-15,989294.4609381362,,,,
2016-07-18,989004.4614450105,,,,
2016-07-19,988738.2453059941,,,,
2016-07-20,988653.2826235509,,,,
2016-07-21,989595.2279891309,,,,
2016-07-22,989460.3016908297,,,,
2016-07-25,988432.274458075,,,,
2016-07-26,987985.5467722636,,,,
2016-07-27,988194.9189419851,,,,
2016-07-28,987011.7558099156,,,,
2016-07-29,987594.3328695641,,,,
2016-08-01,986438.7179363938,,,,
2016-08-02,985562.9516242383,,,,
2016-08-03,986329.4172789187,,,,
2016-08-04,985879.7554979224,,,,
2016-08-05,986031.3126372101,,,,
2016-08-08,985984.498328274,,,,
2016-08-09,986732.6974767923,,,,
2016-08-10,987916.6279820051,,,,
2016-08-11,986935.1582394689,,,,
2016-08-12,987021.9890197404,,,,
2016-08-16,987181.6743397539,,,,
2016-08-17,988162.1970693893,,,,
2016-08-18,987826.0557379168,,,,
2016-08-19,987929.7719084182,,,,
2016-08-22,988547.7139995652,,,,
2016-08-23,988356.8710949598,,,,
2016-08-24,986762.9617076004,,,,
2016-08-25,986009.3735262745,,,,
2016-08-26,985601.9067742261,,,,
2016-08-29,985581.997691291,,,,
2016-08-30,983952.2809903362,,,,
2016-08-31,984429.022671063,,,,
2016-09-01,984905.5300910922,,,,
2016-09-02,985307.3169407453,,,,
2016-09-06,983824.8437657042,,,,
2016-09-07,984331.1938635594,,,,
2016-09-08,1016796.4053485946,,,,
2016-09-09,1017754.8517842066,,,,
2016-09-12,1020484.8923528123,,,,
2016-09-14,1020367.3741310518,,,,
2016-09-15,1020427.019415872,,,,
2016-09-16,1018927.5680638368,,,,
2016-09-19,1019045.2461012333,,,,
2016-09-20,1019233.7148416485,,,,
2016-09-21,1018698.024210834,,,,
2016-09-22,1017474.0985263974,,,,
2016-09-23,1017172.0725133183,,,,
2016-09-26,1017773.1456746429,,,,
2016-09-27,1018601.4756396218,,,,
2016-09-28,1017355.0468975516,,,,
2016-09-29,1020820.4013987371,,,,
2016-09-30,1020578.2273313169,,,,
2016-10-03,1017576.9724866844,,,,
2016-10-04,1017859.9857590715,,,,
2016-10-05,1017584.507571747,,,,
2016-10-06,1017904.1934725461,,,,
2016-10-07,1018246.1308833247,,,,
2016-10-10,1018144.7758316051,,,,
2016-10-13,1019465.9608139873,,,,
2016-10-14,1019134.2081015506,,,,
2016-10-17,1020101.1187233573,,,,
2016-10-18,1020488.015485392,,,,
2016-10-19,1020650.0110986509,,,,
2016-10-20,1020793.5481062237,,,,
2016-10-21,1019848.529534935,,,,
2016-10-24,1019798.5671170084,,,,
2016-10-25,1018535.9408588673,,,,
2016-10-26,1019542.5663588858,,,,
2016-10-27,1019853.3441123804,,,,
2016-10-28,1019919.2188611539,,,,
2016-10-30,1019779.4661426161,,,,
2016-11-01,1019691.9760102762,,,,
2016-11-02,1020862.7896918049,,,,
2016-11-03,1022224.6081729846,,,,
2016-11-04,1022553.6453942189,,,,
2016-11-07,1021348.9228653476,,,,
2016-11-08,1020950.0201605733,,,,
2016-11-09,1023391.0356782378,,,,
2016-11-10,1020904.4652439688,,,,
2016-11-11,1024729.9187836575,,,,
2016-11-15,1026543.1256961455,,,,
2016-11-16,1024868.0857964631,,,,
2016-11-17,1025300.70813861,,,,
2016-11-18,1024382.0215119988,,,,
2016-11-21,1026594.5917355255,,,,
2016-11-22,1025668.1747640485,,,,
2016-11-23,1025612.0984951005,,,,
2016-11-24,1026071.3972810516,,,,
2016-11-25,1024061.1935239132,,,,
2016-11-28,1023967.0825346572,,,,
2016-11-29,1023566.73750894,,,,
2016-11-30,1022808.7485437338,,,,
2016-12-01,1024023.4186815678,,,,
2016-12-02,1025227.6089877925,,,,
2016-12-05,1024699.3792446759,,,,
2016-12-06,1024715.1386629627,,,,
2016-12-07,1025507.5213111929,,,,
2016-12-08,1023712.3220077502,,,,
2016-12-09,1023983.29695411,,,,
2016-12-12,1025359.618981563,,,,
2016-12-13,1025894.6878879012,,,,
2016-12-14,1025687.8152719454,,,,
2016-12-15,1025657.1128355765,,,,
2016-12-16,1025265.2097120102,,,,
2016-12-19,1026633.3550083365,,,,
2016-12-20,1026816.451805421,,,,
2016-12-21,1026583.6783069776,,,,
2016-12-22,1028619.3461754125,,,,
2016-12-23,1027358.4444716584,,,,
2016-12-26,1028840.7061802328,,,,
2016-12-27,1027708.1207910544,,,,
2016-12-28,1027441.8952136413,,,,
2016-12-29,1026280.3639207829,,,,
2017-04-06,,1000000.0,,,
2017-04-07,,999837.4492255949,,,
2017-04-10,,1000581.6256035744,,,
2017-04-11,,1000861.6972270155,,,
2017-04-12,,1001004.5491316194,,,
2017-04-13,,1000199.9209886849,,,
2017-04-17,,999466.4214979628,,,
2017-04-18,,998805.9291944902,,,
2017-04-19,,998594.3661697252,,,
2017-04-20,,998323.3785233581,,,
2017-04-21,,997875.548056659,,,
2017-04-24,,999399.4624190669,,,
2017-04-25,,1001243.3147393516,,,
2017-04-26,,1000847.0109314318,,,
2017-04-27,,1000181.9218094891,,,
2017-04-28,,999057.9702519268,,,
2017-05-02,,999081.1437625558,,,
2017-05-03,,999200.1220264742,,,
2017-05-04,,999716.4590346571,,,
2017-05-05,,1001147.0768208164,,,
2017-05-08,,1000269.4773819989,,,
2017-05-09,,1000851.074491869,,,
2017-05-10,,1001472.9266969786,,,
2017-05-11,,1002224.7276568213,,,
2017-05-12,,1001640.9518949357,,,
2017-05-15,,1001584.427726546,,,
2017-05-16,,1001852.8030374983,,,
2017-05-17,,1001950.7673361183,,,
2017-05-18,,1001699.5966920411,,,
2017-05-19,,1001847.9680413796,,,
2017-05-22,,1000612.2803604209,,,
2017-05-23,,1000693.7494920073,,,
2017-05-24,,1001736.1472045652,,,
2017-05-25,,1003289.799537122,,,
2017-05-26,,1003013.9590581576,,,
2017-05-29,,1002129.3075471909,,,
2017-05-30,,1002832.2016129055,,,
2017-05-31,,1003995.4241401536,,,
2017-06-01,,1003917.0373609611,,,
2017-06-02,,1004890.3388431959,,,
2017-06-05,,1004305.112208284,,,
2017-06-06,,1004486.432914997,,,
2017-06-07,,1004944.7542100549,,,
2017-06-08,,1004302.2067079727,,,
2017-06-09,,1004680.5877309602,,,
2017-06-12,,1003660.0002707414,,,
2017-06-13,,1003852.7028340574,,,
2017-06-14,,1003155.2959252178,,,
2017-06-15,,1002689.5677605817,,,
2017-06-16,,1003582.4951852168,,,
2017-06-19,,1003718.52228628,,,
2017-06-20,,1003799.938814548,,,
2017-06-21,,1003953.4011424362,,,
2017-06-22,,1003464.120321657,,,
2017-06-23,,1002526.5538652109,,,
2017-06-27,,1001875.15555386,,,
2017-06-28,,1001162.8880059721,,,
2017-06-29,,1001244.0927729268,,,
2017-06-30,,1001544.2449434962,,,
2017-07-03,,1002171.3831541071,,,
2017-07-04,,1001727.3699754574,,,
2017-07-05,,1002105.9746943673,,,
2017-07-06,,1001969.76556585,,,
2017-07-07,,1001478.1347230085,,,
2017-07-10,,1001295.1379745076,,,
2017-07-11,,1000630.0407943546,,,
2017-07-12,,1000507.9551497254,,,
2017-07-13,,1005891.31665558,,,
2017-07-14,,1006016.9632137964,,,
2017-07-17,,1005903.3889189012,,,
2017-07-18,,1005598.7505720498,,,
2017-07-19,,1004698.6516762988,,,
2017-07-20,,1004844.4138993896,,,
2017-07-21,,1004120.6885027109,,,
2017-07-24,,1004398.6246524296,,,
2017-07-25,,1005169.434743473,,,
2017-07-26,,1004815.7770289052,,,
2017-07-27,,1005908.4181131017,,,
2017-07-28,,1006642.2935887963,,,
2017-07-31,,1006933.4733607913,,,
2017-08-01,,1006648.2116762483,,,
2017-08-02,,1006483.1371972293,,,
2017-08-03,,1006651.1067766999,,,
2017-08-04,,1006238.1224030011,,,
2017-08-07,,1006121.6419227784,,,
2017-08-08,,1007085.275614516,,,
2017-08-09,,1007384.2534737558,,,
2017-08-10,,1008245.3102235507,,,
2017-08-11,,1008178.9887615301,,,
2017-08-14,,1007696.5430043896,,,
2017-08-16,,1008145.2346914024,,,
2017-08-17,,1007130.4831367043,,,
2017-08-18,,1006953.3201796752,,,
2017-08-21,,1006993.48663411,,,
2017-08-22,,1006444.1313644222,,,
2017-08-23,,1006074.9851656683,,,
2017-08-24,,1006409.4492444831,,,
2017-08-28,,1005492.9419803683,,,
2017-08-29,,1006092.1726285827,,,
2017-08-30,,1004904.2588592055,,,
2017-08-31,,1005056.6213019354,,,
2017-09-01,,1004642.8032286043,,,
2017-09-04,,1004848.029508426,,,
2017-09-05,,1003846.0199564833,,,
2017-09-06,,1003577.2295941823,,,
2017-09-07,,1003052.5020714212,,,
2017-09-08,,1003289.1118480285,,,
2017-09-11,,1003080.6952305933,,,
2017-09-12,,1002723.1576746234,,,
2017-09-13,,1002798.8497209791,,,
2017-09-14,,1002871.3761718121,,,
2017-09-15,,1002237.831702308,,,
2017-09-18,,1001856.026796168,,,
2017-09-19,,1001358.6408481734,,,
2017-09-20,,1001636.833554874,,,
2017-09-21,,1001078.839700726,,,
2017-09-22,,1000942.147746075,,,
2017-09-25,,1000416.9915613908,,,
2017-09-26,,1000383.5187155205,,,
2017-09-27,,999903.5609764425,,,
2017-09-28,,999872.2275611903,,,
2017-09-29,,1001453.1223988888,,,
2017-10-03,,1002373.9634832509,,,
2017-10-04,,1002145.1520658535,,,
2017-10-05,,1001996.7909314892,,,
2017-10-06,,1002738.6215561003,,,
2017-10-09,,1002943.380801047,,,
2017-10-10,,1003267.9472305678,,,
2017-10-11,,1002354.4353541998,,,
2017-10-12,,1003470.2231860927,,,
2017-10-13,,1003309.6065303708,,,
2017-10-16,,1003090.4180163954,,,
2017-10-17,,1003082.5996355569,,,
2017-10-18,,1002936.6049287458,,,
2017-10-19,,1002095.4683079784,,,
2017-10-23,,1000515.5742797656,,,
2017-10-24,,1000234.5088428628,,,
2017-10-25,,994364.546319532,,,
2017-10-26,,994533.8509916174,,,
2017-10-27,,995733.4518314189,,,
2017-10-30,,995430.7235258974,,,
2017-10-31,,996420.7416295761,,,
2017-11-01,,995496.8573417491,,,
2017-11-02,,995981.7362481895,,,
2017-11-03,,995490.3488044133,,,
2017-11-06,,995163.2855128443,,,
2017-11-07,,995587.1982749401,,,
2017-11-08,,994991.3303894993,,,
2017-11-09,,994831.4815371579,,,
2017-11-10,,993566.7606887,,,
2017-11-13,,991918.9420629467,,,
2017-11-14,,991441.1609462322,,,
2017-11-15,,989387.8529511074,,,
2017-11-16,,990730.0032848923,,,
2017-11-17,,992077.2703581394,,,
2017-11-20,,992316.3759679124,,,
2017-11-21,,993194.5608217372,,,
2017-11-22,,992969.2589420533,,,
2017-11-23,,992315.7862030625,,,
2017-11-24,,991983.3490676001,,,
2017-11-27,,991215.7704773243,,,
2017-11-28,,990955.7013511038,,,
2017-11-29,,991137.0392571532,,,
2017-11-30,,992674.6777728256,,,
2017-12-01,,993445.4252745,,,
2017-12-04,,993797.707875288,,,
2017-12-05,,993388.4587367581,,,
2017-12-06,,992530.1551651536,,,
2017-12-07,,993012.1601941802,,,
2017-12-08,,993880.9872439475,,,
2017-12-11,,993019.2222007017,,,
2017-12-12,,993853.2212477583,,,
2017-12-13,,994283.6088549483,,,
2017-12-14,,993861.0896603636,,,
2017-12-15,,993620.6311118369,,,
2017-12-18,,993396.1494692483,,,
2017-12-19,,993432.8585877547,,,
2017-12-20,,994190.7935037039,,,
2017-12-21,,994212.9817925483,,,
2017-12-22,,994201.6223042445,,,
2017-12-26,,993405.9453058635,,,
2017-12-27,,993779.8536578922,,,
2017-12-28,,994092.2900598642,,,
2018-04-06,,,1000000.0,,
2018-04-09,,,999253.2964009566,,
2018-04-10,,,999833.2152454264,,
2018-04-11,,,999505.637188218,,
2018-04-12,,,999457.2238661025,,
2018-04-13,,,998880.481760863,,
2018-04-16,,,998838.115685065,,
2018-04-17,,,998677.0086367221,,
2018-04-18,,,998447.0515581243,,
2018-04-19,,,997113.732066138,,
2018-04-20,,,997044.9122035804,,
2018-04-23,,,997069.3653310905,,
2018-04-24,,,997021.6621173768,,
2018-04-25,,,996708.5672236658,,
2018-04-26,,,996994.102165372,,
2018-04-27,,,997910.7404552479,,
2018-04-30,,,997423.9143411241,,
2018-05-02,,,997592.9199067138,,
2018-05-03,,,997909.2345067385,,
2018-05-04,,,997844.517176416,,
2018-05-07,,,997425.3324189477,,
2018-05-08,,,997240.2083743892,,
2018-05-09,,,997489.7696179244,,
2018-05-10,,,997053.3866551077,,
2018-05-11,,,997457.8472900131,,
2018-05-14,,,997445.8514532794,,
2018-05-15,,,997540.253558044,,
2018-05-16,,,997620.0046473403,,
2018-05-17,,,998557.1811435506,,
2018-05-18,,,999550.3840785347,,
2018-05-21,,,999555.5775381889,,
2018-05-22,,,999761.358938295,,
2018-05-23,,,1001815.9579726689,,
2018-05-24,,,1002379.3263871433,,
2018-05-25,,,1001131.1503718954,,
2018-05-28,,,998838.222931264,,
2018-05-29,,,999172.2472202881,,
2018-05-30,,,999799.6546967049,,
2018-05-31,,,999899.3115276993,,
2018-06-01,,,999799.5359547766,,
2018-06-04,,,1000226.8849270985,,
2018-06-05,,,1000557.3633882346,,
2018-06-06,,,999065.528457303,,
2018-06-07,,,998396.768847614,,
2018-06-08,,,997362.7167016066,,
2018-06-11,,,996656.2020060228,,
2018-06-12,,,996055.653738196,,
2018-06-13,,,995686.2924763738,,
2018-06-14,,,995637.2309687249,,
2018-06-15,,,995362.7606556169,,
2018-06-18,,,994799.497498216,,
2018-06-19,,,995284.0662801607,,
2018-06-20,,,995504.6059534431,,
2018-06-21,,,995642.1320542307,,
2018-06-22,,,994822.3773055627,,
2018-06-25,,,995320.3821315995,,
2018-06-26,,,995655.7504264517,,
2018-06-27,,,997940.9288229565,,
2018-06-28,,,998606.029514645,,
2018-06-29,,,998283.1028930938,,
2018-07-02,,,997586.2759333304,,
2018-07-03,,,997871.9081838515,,
2018-07-04,,,998103.7408178399,,
2018-07-05,,,998771.1547032414,,
2018-07-06,,,999108.3469814323,,
2018-07-09,,,998085.5264959252,,
2018-07-10,,,997473.3095769323,,
2018-07-11,,,997287.4901874145,,
2018-07-12,,,996420.4681934904,,
2018-07-13,,,996544.0434085736,,
2018-07-16,,,997772.672387584,,
2018-07-17,,,997513.7753777221,,
2018-07-18,,,997735.1213675628,,
2018-07-19,,,997677.355043628,,
2018-07-20,,,998476.868084071,,
2018-07-23,,,997613.8967637485,,
2018-07-24,,,996949.750378092,,
2018-07-25,,,996647.3149870437,,
2018-07-26,,,996757.0846458209,,
2018-07-27,,,996721.1237165643,,
2018-07-30,,,996030.5948069694,,
2018-07-31,,,995797.2600410928,,
2018-08-01,,,996060.6373124155,,
2018-08-02,,,996644.8275663758,,
2018-08-03,,,996453.6015264184,,
2018-08-06,,,996126.5938600573,,
2018-08-07,,,995267.7135444356,,
2018-08-08,,,994817.5267536137,,
2018-08-09,,,994651.1227092443,,
2018-08-10,,,995073.6259169412,,
2018-08-13,,,996222.2782390947,,
2018-08-14,,,996211.1078101901,,
2018-08-16,,,997166.1939649488,,
2018-08-17,,,996499.3969895261,,
2018-08-20,,,994954.2215721264,,
2018-08-21,,,994132.8085997985,,
2018-08-23,,,994984.3875947067,,
2018-08-24,,,994645.6348182269,,
2018-08-27,,,993479.939377687,,
2018-08-28,,,992948.8527164418,,
2018-08-29,,,992643.167553114,,
2018-08-30,,,991598.1042816979,,
2018-08-31,,,990723.3950516902,,
2018-09-03,,,991327.8271140725,,
2018-09-04,,,992445.5663877558,,
2018-09-05,,,991594.8781399378,,
2018-09-06,,,991454.7378816028,,
2018-09-07,,,991627.7711905558,,
2018-09-10,,,991347.1489648228,,
2018-09-11,,,991935.5512085052,,
2018-09-12,,,992107.882196173,,
2018-09-14,,,993474.8194313986,,
2018-09-17,,,992453.5221394339,,
2018-09-18,,,992728.704371032,,
2018-09-19,,,991397.164522429,,
2018-09-21,,,990672.0457078058,,
2018-09-24,,,990133.3926575663,,
2018-09-25,,,990667.3205218771,,
2018-09-26,,,989614.7201511152,,
2018-09-27,,,988756.3116041949,,
2018-09-28,,,987297.5970071105,,
2018-10-01,,,987659.4389352362,,
2018-10-03,,,987330.6679340713,,
2018-10-04,,,987193.858881825,,
2018-10-05,,,984328.889229993,,
2018-10-08,,,985494.8856299137,,
2018-10-09,,,983460.7643681591,,
2018-10-10,,,985800.3847605463,,
2018-10-11,,,986069.7161550429,,
2018-10-12,,,988731.4736279247,,
2018-10-15,,,988571.9485386036,,
2018-10-16,,,988646.4898276894,,
2018-10-17,,,989613.0989309901,,
2018-10-19,,,987982.8748010419,,
2018-10-22,,,988211.6275946143,,
2018-10-23,,,986388.342491531,,
2018-10-24,,,986719.7677151806,,
2018-10-25,,,986502.6218237396,,
2018-10-26,,,985409.2506408762,,
2018-10-29,,,987799.0755159977,,
2018-10-30,,,988448.7362452109,,
2018-10-31,,,991900.6455437262,,
2018-11-01,,,991076.4674216028,,
2018-11-02,,,991168.9567466858,,
2018-11-05,,,992014.1157146505,,
2018-11-06,,,990717.2303435619,,
2018-11-07,,,991391.534002451,,
2018-11-09,,,990900.2597662822,,
2018-11-12,,,989799.5459283425,,
2018-11-13,,,989673.1961249762,,
2018-11-14,,,988830.8565409033,,
2018-11-15,,,990060.188144395,,
2018-11-16,,,992348.6259779428,,
2018-11-19,,,993101.4514665847,,
2018-11-20,,,992229.7033576466,,
2018-11-21,,,991732.2238257466,,
2018-11-22,,,990576.423529723,,
2018-11-26,,,989209.4302510134,,
2018-11-27,,,989481.434426969,,
2018-11-28,,,987404.537563807,,
2018-11-29,,,987784.6576050147,,
2018-11-30,,,987012.6130350879,,
2018-12-03,,,988387.2149565753,,
2018-12-04,,,989201.2847231735,,
2018-12-05,,,986867.9190660442,,
2018-12-06,,,988121.5880916519,,
2018-12-07,,,986001.0395792174,,
2018-12-10,,,987182.9432806512,,
2018-12-11,,,987662.3284183636,,
2018-12-12,,,985712.2824866041,,
2018-12-13,,,985393.1054389748,,
2018-12-14,,,985493.7735535841,,
2018-12-17,,,987570.2622694322,,
2018-12-18,,,988354.4405699467,,
2018-12-19,,,988161.3261941342,,
2018-12-20,,,987617.3915526574,,
2018-12-21,,,985866.0642770089,,
2018-12-24,,,985039.0875736115,,
2018-12-26,,,985684.827076214,,
2018-12-27,,,985895.7801795793,,
2018-12-28,,,984975.0246743147,,
2019-04-03,,,,1000000.0,
2019-04-04,,,,999897.9461181317,
2019-04-05,,,,999474.3047749067,
2019-04-08,,,,999645.5366618115,
2019-04-09,,,,999715.6574434384,
2019-04-10,,,,999685.1686424777,
2019-04-11,,,,999637.1344134333,
2019-04-12,,,,999846.7632475931,
2019-04-15,,,,999802.2438274919,
2019-04-16,,,,999771.9926486423,
2019-04-18,,,,999728.8393741717,
2019-04-22,,,,999523.3188851302,
2019-04-23,,,,999880.4714925733,
2019-04-24,,,,1000122.1671696119,
2019-04-25,,,,1000072.8510965994,
2019-04-26,,,,999521.9222835529,
2019-04-30,,,,999272.8381367081,
2019-05-02,,,,999035.5472412845,
2019-05-03,,,,999402.5283951461,
2019-05-06,,,,998938.7780216788,
2019-05-07,,,,997561.2276462384,
2019-05-08,,,,995736.9949083907,
2019-05-09,,,,996678.8803488084,
2019-05-10,,,,997014.4833248662,
2019-05-13,,,,994674.0346235544,
2019-05-14,,,,995899.694122973,
2019-05-15,,,,993685.2599266333,
2019-05-16,,,,995982.0983114627,
2019-05-17,,,,996815.438234374,
2019-05-20,,,,999616.76865182,
2019-05-21,,,,999308.7784307535,
2019-05-22,,,,999308.7784307535,
2019-05-23,,,,999857.375839107,
2019-05-24,,,,1000362.4161178601,
2019-05-27,,,,999874.4360605427,
2019-05-28,,,,1000112.4145055036,
2019-05-29,,,,1000185.7696258632,
2019-05-30,,,,1000228.9222531023,
2019-05-31,,,,1000376.5842023747,
2019-06-03,,,,999715.6315640294,
2019-06-04,,,,999957.4914043896,
2019-06-06,,,,1000002.3010995768,
2019-06-07,,,,999781.2891299892,
2019-06-10,,,,999760.6406465163,
2019-06-11,,,,1000176.4224980174,
2019-06-12,,,,1000002.5493420351,
2019-06-13,,,,999815.056445647,
2019-06-14,,,,999603.9259432326,
2019-06-17,,,,999115.9551022784,
2019-06-18,,,,999159.639307839,
2019-06-19,,,,998051.2015352225,
2019-06-20,,,,999684.5800055428,
2019-06-21,,,,999312.7761396036,
2019-06-24,,,,999168.545010611,
2019-06-25,,,,1000002.4740993981,
2019-06-26,,,,1000045.4347327265,
2019-06-27,,,,1000179.297270323,
2019-06-28,,,,999877.435193873,
2019-07-01,,,,1001009.249384233,
2019-07-02,,,,1000662.2535644291,
2019-07-03,,,,1000435.7609329355,
2019-07-04,,,,1000464.0216748319,
2019-07-05,,,,1002458.680401556,
2019-07-08,,,,1004182.5145547721,
2019-07-09,,,,1004378.8600035073,
2019-07-10,,,,1004070.5386259188,
2019-07-11,,,,1002911.9831860764,
2019-07-12,,,,1003052.0601848888,
2019-07-15,,,,1003447.4820798103,
2019-07-16,,,,1002409.7439739301,
2019-07-17,,,,1002057.085963865,
2019-07-18,,,,1002547.7097691584,
2019-07-19,,,,1002813.6127645802,
2019-07-22,,,,1002144.7750835611,
2019-07-23,,,,1002087.7349649607,
2019-07-24,,,,1001146.9412543887,
2019-07-25,,,,1001129.9270513096,
2019-07-26,,,,1000961.0821838483,
2019-07-29,,,,1001301.9753402262,
2019-07-30,,,,1000746.4454713536,
2019-07-31,,,,1001037.3214643571,
2019-08-01,,,,1002651.955050854,
2019-08-02,,,,1002007.5140427657,
2019-08-05,,,,1002677.2527954747,
2019-08-06,,,,1002832.5958868058,
2019-08-07,,,,1002590.0934149796,
2019-08-08,,,,1001277.575567485,
2019-08-09,,,,1000470.7897659668,
2019-08-13,,,,1002345.6469439963,
2019-08-14,,,,1002269.1405281265,
2019-08-16,,,,1001598.9493360219,
2019-08-19,,,,1001855.2953060727,
2019-08-20,,,,1001789.1528863246,
2019-08-21,,,,1001074.6104171025,
2019-08-22,,,,1003071.5977778367,
2019-08-23,,,,1005316.8666918017,
2019-08-26,,,,1006926.2760059412,
2019-08-27,,,,1008785.4067391463,
2019-08-28,,,,1007436.3853564552,
2019-08-29,,,,1007320.2744141619,
2019-08-30,,,,1008804.9197707255,
2019-09-03,,,,1005784.9490012451,
2019-09-04,,,,1006377.8043358128,
2019-09-05,,,,1007118.7603202224,
2019-09-06,,,,1009027.9705409677,
2019-09-09,,,,1007879.2861985018,
2019-09-11,,,,1006018.5707490465,
2019-09-12,,,,1007078.8984330388,
2019-09-13,,,,1004630.768630331,
2019-09-16,,,,1006018.0438793692,
2019-09-17,,,,1004272.9011252751,
2019-09-18,,,,1004924.0128410609,
2019-09-19,,,,1003933.4732600439,
2019-09-20,,,,1006666.9625714046,
2019-09-23,,,,1008109.342370669,
2019-09-24,,,,1008430.8409693413,
2019-09-25,,,,1008144.6904391659,
2019-09-26,,,,1009236.5486989223,
2019-09-27,,,,1007683.6499210474,
2019-09-30,,,,1007717.7516021929,
2019-10-01,,,,1003393.2655869182,
2019-10-03,,,,1004229.7031470964,
2019-10-04,,,,1003455.3522536741,
2019-10-07,,,,1004175.2972064364,
2019-10-09,,,,1005165.2176061355,
2019-10-10,,,,1003419.7737866975,
2019-10-11,,,,1003665.0153253677,
2019-10-14,,,,1005392.2074622227,
2019-10-15,,,,1006085.1185193413,
2019-10-16,,,,1006614.653190302,
2019-10-17,,,,1006450.5377143057,
2019-10-18,,,,1006879.9911678539,
2019-10-22,,,,1006664.2729214286,
2019-10-23,,,,1006983.0048669955,
2019-10-24,,,,1006363.5295079252,
2019-10-25,,,,1005434.2971178928,
2019-10-27,,,,1005891.6820698259,
2019-10-29,,,,1006410.9056193936,
2019-10-30,,,,1006624.7192261321,
2019-10-31,,,,1006800.7289096885,
2019-11-01,,,,1008776.1378656307,
2019-11-04,,,,1009054.8733222226,
2019-11-05,,,,1008246.3258406867,
2019-11-06,,,,1008379.8198480635,
2019-11-07,,,,1008036.5185046225,
2019-11-08,,,,1006757.9950958806,
2019-11-11,,,,1006709.625871438,
2019-11-13,,,,1005922.7244464328,
2019-11-14,,,,1006614.5826292456,
2019-11-15,,,,1005800.4882470383,
2019-11-18,,,,1006033.275305659,
2019-11-19,,,,1005775.9612480591,
2019-11-20,,,,1007151.1393559639,
2019-11-21,,,,1007773.1809658424,
2019-11-22,,,,1009340.6971061327,
2019-11-25,,,,1009747.2244841659,
2019-11-26,,,,1008743.1431343853,
2019-11-27,,,,1010106.0526183712,
2019-11-28,,,,1010346.0652608232,
2019-11-29,,,,1008889.3239757667,
2019-12-02,,,,1008696.9116656476,
2019-12-03,,,,1007849.4618885262,
2019-12-04,,,,1009005.5440565038,
2019-12-05,,,,1008086.6310619925,
2019-12-06,,,,1007398.0050279351,
2019-12-09,,,,1006499.0201212339,
2019-12-10,,,,1005664.6507382724,
2019-12-11,,,,1006063.2636546482,
2019-12-12,,,,1008031.8851477724,
2019-12-13,,,,1009722.9428124606,
2019-12-16,,,,1008419.3360840881,
2019-12-17,,,,1009667.5078860156,
2019-12-18,,,,1009169.8361353585,
2019-12-19,,,,1009071.8360460215,
2019-12-20,,,,1009653.4486863806,
2019-12-23,,,,1009122.7757327391,
2019-12-24,,,,1008898.3290329301,
2019-12-26,,,,1008782.2584076006,
2019-12-27,,,,1008185.9706242643,
2019-12-30,,,,1007782.712334993,
2020-04-01,,,,,1000000.0
2020-04-03,,,,,1002087.9336134761
2020-04-07,,,,,994525.3822687187
2020-04-08,,,,,994560.4684763384
2020-04-09,,,,,991953.7050228976
2020-04-13,,,,,990307.8308176687
2020-04-15,,,,,990845.056982167
2020-04-16,,,,,992643.567970629
2020-04-17,,,,,995892.585137554
2020-04-20,,,,,995225.6420723485
2020-04-21,,,,,989223.4280198932
2020-04-22,,,,,989711.4444623964
2020-04-23,,,,,991661.8046189501
2020-04-24,,,,,988736.4449948492
2020-04-27,,,,,991009.5847609858
2020-04-28,,,,,992152.8084042794
2020-04-29,,,,,993940.344201151
2020-04-30,,,,,1002094.3389027198
2020-05-04,,,,,993653.858196101
2020-05-05,,,,,992676.3108965964
2020-05-06,,,,,991260.3383322507
2020-05-07,,,,,990503.1210080904
2020-05-08,,,,,989650.7221409848
2020-05-11,,,,,989069.3829978112
2020-05-12,,,,,989055.2327932073
2020-05-13,,,,,991649.8930561341
2020-05-14,,,,,990243.4380044917
2020-05-15,,,,,990262.7612238033
2020-05-18,,,,,984733.8602435132
2020-05-19,,,,,985355.1138471944
2020-05-20,,,,,988021.9604315356
2020-05-21,,,,,988360.4439286102
2020-05-22,,,,,987470.3019079934
2020-05-26,,,,,988156.4787135037
2020-05-27,,,,,992416.5968947017
2020-05-28,,,,,993748.7231843767
2020-05-29,,,,,995071.2140666752
2020-06-01,,,,,1000618.1477690192
2020-06-02,,,,,1005547.8928735628
2020-06-03,,,,,1007105.0465585694
2020-06-04,,,,,1007683.2670053658
2020-06-05,,,,,1008764.3769728078
2020-06-08,,,,,1010763.1505842549
2020-06-09,,,,,1009645.1177688844
2020-06-10,,,,,1009790.8232843085
2020-06-11,,,,,1011710.8757858409
2020-06-12,,,,,1011509.7692279225
2020-06-15,,,,,1013780.7666527843
2020-06-16,,,,,1015070.1645803081
2020-06-17,,,,,1014763.3352028928
2020-06-18,,,,,1013086.6996810011
2020-06-19,,,,,1013072.3567584229
2020-06-22,,,,,1012886.5303059524
2020-06-23,,,,,1010647.1304340266
2020-06-24,,,,,1012605.3331675003
2020-06-25,,,,,1012170.0991901737
2020-06-26,,,,,1011495.5127450124
2020-06-29,,,,,1013055.0902616289
2020-06-30,,,,,1013003.2140282128
2020-07-01,,,,,1011906.4617943641
2020-07-02,,,,,1010068.8457866873
2020-07-03,,,,,1009336.8100342032
2020-07-06,,,,,1007621.5884518622
2020-07-07,,,,,1006407.6000179694
2020-07-08,,,,,1005918.4512776013
2020-07-09,,,,,1005294.3679691611
2020-07-10,,,,,1005195.1787370502
2020-07-13,,,,,1004103.4244229929
2020-07-14,,,,,1006644.2528120843
2020-07-15,,,,,1005833.2952113723
2020-07-16,,,,,1003814.6908954048
2020-07-17,,,,,1003778.1493498614
2020-07-20,,,,,1001556.7349809045
2020-07-21,,,,,1001698.8206984451
2020-07-22,,,,,1002839.454919023
2020-07-23,,,,,1001586.4767586846
2020-07-24,,,,,999881.1978478445
2020-07-27,,,,,998443.1862089656
2020-07-28,,,,,996379.5521485448
2020-07-29,,,,,998130.8713139968
2020-07-30,,,,,998896.9490520969
2020-07-31,,,,,999069.9035348892
2020-08-03,,,,,1000007.7656112069
2020-08-04,,,,,1000048.4751762256
2020-08-05,,,,,998918.5280251615
2020-08-06,,,,,997479.0769624091
2020-08-07,,,,,997575.3426355975
2020-08-10,,,,,996947.313680297
2020-08-11,,,,,996347.0143355222
2020-08-12,,,,,996279.9432174924
2020-08-13,,,,,995149.7306898106
2020-08-14,,,,,996205.4499507509
2020-08-17,,,,,994557.9907762267
2020-08-18,,,,,993140.9708558866
2020-08-19,,,,,992922.0122490446
2020-08-20,,,,,992581.1780680869
2020-08-21,,,,,992868.8681339709
2020-08-24,,,,,992051.96265039
2020-08-25,,,,,991953.027991158
2020-08-26,,,,,991703.5329889455
2020-08-27,,,,,990980.5966280205
2020-08-28,,,,,991144.2595510638
2020-08-31,,,,,994175.8433234266
2020-09-01,,,,,991743.4210650442
2020-09-02,,,,,990796.7660507758
2020-09-03,,,,,989952.6925885316
2020-09-04,,,,,992824.380521087
2020-09-07,,,,,992642.7685404381
2020-09-08,,,,,994918.4298394285
2020-09-09,,,,,995478.7410370605
2020-09-10,,,,,994848.9906649403
2020-09-11,,,,,994415.607367686
2020-09-14,,,,,991780.6895148559
2020-09-15,,,,,992467.3251068578
2020-09-16,,,,,992288.2829533534
2020-09-17,,,,,990812.5266727685
2020-09-18,,,,,991300.8296343695
2020-09-21,,,,,989116.141441577
2020-09-22,,,,,988335.4937011715
2020-09-23,,,,,987172.1173454593
2020-09-24,,,,,987331.2261595262
2020-09-25,,,,,987089.3141427805
2020-09-28,,,,,987761.6907986955
2020-09-29,,,,,988647.2682339696
2020-09-30,,,,,987574.305738911
2020-10-01,,,,,986423.8124182051
2020-10-05,,,,,984700.1447682927
2020-10-06,,,,,984589.5066355114
2020-10-07,,,,,984800.4432313934
2020-10-08,,,,,982944.4922822193
2020-10-09,,,,,983676.4796309561
2020-10-12,,,,,979891.1652891459
2020-10-13,,,,,980191.8983978414
2020-10-14,,,,,978906.4285124536
2020-10-15,,,,,977425.3498076833
2020-10-16,,,,,977165.2250482691
2020-10-19,,,,,978348.3262527443
2020-10-20,,,,,979182.1131129455
2020-10-21,,,,,980699.0044823418
2020-10-22,,,,,982335.8680415557
2020-10-23,,,,,981673.0257825981
2020-10-26,,,,,983715.1508269041
2020-10-27,,,,,983208.3160856819
2020-10-28,,,,,983972.7992172659
2020-10-29,,,,,983989.2867214589
2020-10-30,,,,,983757.1879403623
2020-11-02,,,,,984365.6917440759
2020-11-03,,,,,984016.9117756875
2020-11-04,,,,,983471.1629892262
2020-11-05,,,,,981384.2436173052
2020-11-06,,,,,981546.2098872605
2020-11-09,,,,,983045.5920685933
2020-11-10,,,,,984433.3294613186
2020-11-11,,,,,984554.3181908847
2020-11-12,,,,,984820.6755778552
2020-11-13,,,,,984599.3289947782
2020-11-14,,,,,984968.3356439208
2020-11-17,,,,,984904.2549386951
2020-11-18,,,,,984546.2034919877
2020-11-19,,,,,984045.6749098148
2020-11-20,,,,,980599.1837931975
2020-11-23,,,,,979570.9176375278
2020-11-24,,,,,978542.2912076461
2020-11-25,,,,,980354.3332804808
2020-11-26,,,,,978540.5001137351
2020-11-27,,,,,977557.6539021998
2020-12-01,,,,,976765.9750965483
2020-12-02,,,,,975742.8951683288
2020-12-03,,,,,974778.6604406226
2020-12-04,,,,,974501.2566644603
2020-12-07,,,,,972833.0913364567
2020-12-08,,,,,974013.5628965019
2020-12-09,,,,,974116.3855121657
2020-12-10,,,,,974337.5920206868
2020-12-11,,,,,972815.2398629352
2020-12-14,,,,,971756.7367825332
2020-12-15,,,,,972259.148556031
2020-12-16,,,,,971434.5691740713
2020-12-17,,,,,972222.4271824232
2020-12-18,,,,,972157.5646652707
2020-12-21,,,,,975989.2179197331
2020-12-22,,,,,975075.2377850232
2020-12-23,,,,,974570.1682341082
2020-12-24,,,,,973856.7428458601
2020-12-28,,,,,973241.0399678651
2020-12-29,,,,,972760.4036602387
2020-12-30,,,,,972641.5063589459
